<?xml version="1.0" encoding="UTF-8" standalone="yes"?>
<service xmlns="http://www.activegrid.com/namespaces/ServiceDefinitions/1.0" springFile="Certificado.spring.xml" type="JavaService" CRUDService="false" class="Certificado" id="Certificado">
    <operation name="getReport">
        <parameter isList="false" typeRef="java.lang.String" name="idPersona"/>
        <parameter isList="false" typeRef="java.lang.String" name="sy"/>
        <parameter isList="false" typeRef="java.lang.String" name="com1"/>
        <parameter isList="false" typeRef="java.lang.String" name="com2"/>
        <return isList="false" typeRef="com.wavemaker.runtime.server.DownloadResponse"/>
    </operation>
    <dataobjects/>
</service>
